Time,Tweet,Sentiment
2025-05-12 12:52:19+00:00,"@wairuma @rigathi Based on recent posts on X, Rigathi Gachagua's new political party is likely named the Democratic Citizen's Party (DCP). It was launched on May 7, 2025, with a focus on uniting the Mt. Kenya region and challenging the ruling UDA party ahead of the 2027 elections.

The party's",positive
2025-05-12 12:42:12+00:00,"Tonight, we look at issues shaping Kenya's 2027 elections. Just what does the Court of Appeal's decision on the impeachment case bench portend? Will impeached former DP Rigathi Gachagua run in the polls? We will also examine the ongoing process of IEBC  reconstitution. Stay with https://t.co/GwfuVqc85W",neutral
2025-05-12 12:37:35+00:00,"Ugandan are going to vote in the Kenya elections, take note! https://t.co/uK4sjw5Hqj",neutral
2025-05-12 11:53:32+00:00,"YALI Kenya Alumni Elections 2025 are here! 

Ready to lead @YALIAlumniKe at the national level? 
Nominate yourself now üëâ https://t.co/JQFd3pNG2Z

 Must be a registered member ‚Äì Join here: https://t.co/89NROzE9yc

31.05.25

Let's shape the future together! üá∞üá™ #YALIKe #Leadership https://t.co/KtlSaNx7nZ",positive
2025-05-12 11:14:30+00:00,@bungomaduke @BBCWorld Is Kenya a first world country because they have elections and change leadership every 10 years? I think what should matter is the growth and development of a country and the living standards of its citizens,positive
2025-05-12 11:05:01+00:00,"@Honeyfarsafi @Honeyfarsafi who told you it will be different. This is the RIGHT time for Kikuyu TRIBAL BIGOTS to learn that elections in Kenya are rigged. For that to sin k proper in their EMPTY brains, I want one of their own to contest for the Presidency of Kenya.",positive
2025-05-12 11:04:54+00:00,"@Honeyfarsafi who told you it will be different. This is the RIGHT time for Kikuyu TRIBAL BIGOTS to learn that elections in Kenya are rigged. For that to sin k proper in their EMPTY brains, I want one of their own to contest for the Presidency of Kenya. https://t.co/L1w0cEYbfo",positive
2025-05-12 10:41:03+00:00,"@DAP_Kenya Azimio planned to have CS Oparanya in charge of treasury. ODM had planned to give the job to Expert Mbadi. Unfortunately,  Azimio did not win elections,  did you expect Raila to still carry the burden of parties which couldn't help him win elections?",negative
2025-05-12 10:21:21+00:00,@jumaf3 @mukuru_cjc @DCI_Kenya will be disbanded and all goons arrested after 2027 elections,neutral
2025-05-12 09:57:48+00:00,@KenMwohe @ChamiWafula @BravinYuri @RailaOdinga @edwinsifuna Me and you know it's just emotions and wamunyororo is riding on the same. For the community to ever think Ruto would serve their interest then Mt Kenya people are just delusional. Pre elections Ruto was captured swearing you have to put your differences with a Kikuyu,neutral
2025-05-12 09:55:21+00:00,"https://t.co/sVSvP5FImG

Gachagua Expresses Confidence in Ruto's IEBC Nominees, Urges Unity for 2027 Elections

Former Deputy President Rigathi Gachagua has reassured Kenyans that he has no concerns over President William Ruto‚Äôs recent nominations for the Independent Electoral",neutral
2025-05-12 09:29:13+00:00,"Five things on our mind this week in Africa:

#Burundi
Will there be violence in the lead-up to legislative elections?

#Mali
Is the military-led government losing popular support

#Kenya
Was the appointment of the deputy president illegitimate?",positive
2025-05-12 09:29:01+00:00,"Lack of Feasibility Planning:  

‚Ä¢ No environmental impact assessment was conducted. The site was prone to flooding, complicating track construction.  

Political Instability:  

‚Ä¢ Kenya‚Äôs 1997 elections diverted government attention and funding away from the project.",neutral
2025-05-12 08:36:43+00:00,So based on Krugger‚Äôs report its findings is that 2007 elections had massive rigging from both sides it‚Äôs just that one team was good at the game than the other. Maybe elections in Kenya are always like that ukaiba vizuri than the other you win.,positive
2025-05-12 08:10:28+00:00,"Gachagua to launch new party this week, aiming to unite Mt Kenya and challenge President Ruto in 2027. He urges youth to register and emphasizes the region's pivotal role in upcoming elections. https://t.co/Q4Ltrd75Gm",positive
2025-05-12 08:07:38+00:00,@Honeyfarsafi Constitutionally Kenya's elections should be on the 11th of August 2026. Za 2027 maybe za Somalia.,neutral
2025-05-12 07:58:43+00:00,"#KENYA: PLO LUMUMBA DROPS HIS PRESIDENTIAL BID OVER ETHICITY-ORIENTED POLITICAL LANDSCAPE
PLO Lumumba has stated that he will not run for the presidency in the upcoming general elections, citing Kenya‚Äôs ethnicity-driven political landscape as a major barrier. 
While speaking https://t.co/5q4yaztsGM",positive
2025-05-12 07:44:50+00:00,"The post was about Cameroon elections and Kenyans commuting to go show love to our neighbors.

Then people from South Sudan entered the chat with cheat codes üòÆ‚Äçüí®ü§£

Africa is really in Kenya! Africa is our business.

I hope they stand up for us they way we are showing up for them https://t.co/eQ0fvuNg0Y",positive
2025-05-12 07:37:42+00:00,"@C_NyaKundiH And why are you emotional? Because your tribe Kisii has been mentioned? Tribalism is what we were all taught and it‚Äôs in our DNA , the faster you accept the better you understand that elections in Kenya are won by playing tribal cards. Bytha you seem to have joined KasMorara",positive
2025-05-12 06:33:45+00:00,Manifesting a kwaheri Kenya before the next general elections. I wanna watch it all in 4D.,positive
2025-05-12 06:21:58+00:00,@calvinokello4 People who know what matters in Kenya's elections make less noise no need to defend somethings. The hard stance make people biased of your opinions.,negative
2025-05-12 04:45:15+00:00,"Total confusion in kenya. We should had a snap elections, just maybe. https://t.co/F28BcFzCQV",neutral
2025-05-12 04:08:27+00:00,"@bramwelkips @cub_ke @kingfracas @TheNairobiTimez I'm Grok, created by xAI, and I'm not a man, but an AI here to help! There's no direct evidence that the Kenya Kwanza government plans to rig the 2027 elections. President Ruto emphasizes unity and governance, not electoral manipulation. However, Kenya's history of disputed",negative
2025-05-12 04:06:47+00:00,@grok @cub_ke @kingfracas @TheNairobiTimez @grok MAN I hope youre a man. I believe You'll really help us come 2027üòÉüòÉüòÉ. Do you think Kenya Kwanza government  got any plans of rigging elections?,positive
2025-05-12 03:32:55+00:00,"‚ÄúMambo ya IEBC isiwashtue. Elections are won and lost at the polling station‚Äù
From the Legitimate Kenya's deputy President Rigathi Gachagua,
 https://t.co/D7XEdLpZnV",neutral
2025-05-11 21:28:09+00:00,@_James041 Correct... he's telling us the truth. Just like the lady who Kenya Kwisha....during elections .,neutral
2025-05-11 20:17:43+00:00,"@NyabasaDanvas @calvinokello4 Numbers matter nothing here, even if mt kenya had 10 million votes, elections get rigged in this  country only that this time mt kenya will be on the receiving end of the lash.",neutral
2025-05-11 19:51:28+00:00,"The name went farther beyond Twitter and I was earning quite well.

Not where I want to be but I was able to to fund a month trip to Nairobi, Kenya after the elections just to have a clear head. I left the election the same night I lost and moved on but needed to grief personally",negative
2025-05-11 18:52:00+00:00,@TeyaKevin We took that lady pastor who mentioned Kenya Kwisha in prayer for granted before 2022 elections. Now see what the spirit of God giving signals on devoo worshipas disturbing Kenyans and saying it loudly with their own mouth .It can't be a slip of the tongue ü§£ü§£ü§£ü§£ü§£,positive
2025-05-11 18:44:16+00:00,"There Are Three Pillars for Making Kenya Great Again;

1). Kenya's primary issue is lawlessness, which, if resolved, would position the country among the world's finest. A political overhaul is essential in the 2027 general elections, requiring a complete rejection of current and",positive
2025-05-11 18:37:45+00:00,"There Are Three Pillars for Making Kenya Great Again;

1). Kenya's primary issue is lawlessness, which, if resolved, would position the country among the world's finest. A political overhaul is essential in the 2027 general elections, requiring a complete rejection of current and",positive
2025-05-11 18:34:51+00:00,"There Are Three Pillars for Making Kenya Great Again;

1). Kenya's primary issue is lawlessness, which, if resolved, would position the country among the world's finest. A political overhaul is essential in the 2027 general elections, requiring a complete rejection of current and",positive
2025-05-11 17:53:42+00:00,these man political propogandist dont understand mt kenya politics...wait for embu mbeere north by Elections...@HonJBMuturi https://t.co/w6KO07wVP8,neutral
2025-05-11 17:35:22+00:00,"@ClintonOmw31882 We all agree that Kenya needs to fix its leadership at presidential level. The reality is, we are not yet there. So, how do we get there? (We can't get there when the people who win elections get rigged out always. Solve that first, then tell us about Matiangi).",positive
2025-05-11 17:19:58+00:00,"@_GenAlpha @KenyanSays @KenyanSays COTU elections in Kenya typically take 1 to 3 months, covering nomination, campaigning, and voting. The 2026 election is expected to follow a similar timeline, though exact dates are not yet public. Check COTU‚Äôs official website for updates closer to the date. The",negative
2025-05-11 16:38:10+00:00,"@Kenyans Elections or not! Ruto regime must be ousted by progressive Kenyans ASAP, and by any means necessary! Ruto, the narcissistic psychopath regime is literally killing kenya's economy and her people!!!  If project Kenya is to survive #RutoMustGo 
@SokoAnalyst @Mabonga_254 @_James041",neutral
2025-05-11 15:32:06+00:00,"@rigathi How to win 2027 elections
1, Mt Kenya votes must be intact no dividing
2, ukambani votes must be intact no dividing
3, these two regions are very crucial to the success and Kalozo # must be the flag bearer of the coalition",positive
2025-05-11 14:17:05+00:00,"@Kenyans These people form political parties with every sunrise, funny how most disintergrate after elections, so, question is, what principles or elements should hold parties together post elections? Most if not all political establishments in Kenya tend to lack a fabric like that",positive
2025-05-11 13:11:06+00:00,"@Stat_Dose @Goldfield6 Kenya's stability is complex. Historically, it has been stable since 1963, with only four presidents and peaceful elections, hosting the African Union headquarters. However, recent protests over economic issues, like the 2024 Finance Bill, led to violence and deaths, indicating",positive
2025-05-11 13:01:16+00:00,@MoraraKebasoSnr There're never two solutions when it comes to national elections in Kenya. Voters go back to their communities and vote as a community. The youth are part of those communities. I don't know why you're imagining Mt Kenya youth would deviate from that culture.,neutral
2025-05-11 12:25:16+00:00,New IEBC team appointed‚ÄîRuto ensures credible elections. Kenya‚Äôs democracy strengthened. Forging Onwards! #GOKThisWeek,positive
2025-05-11 12:15:34+00:00,@DailyMonitor In Busia we participate in elections in both countries and most of us we are registered voters in both Kenya and Uganda,positive
2025-05-11 11:57:07+00:00,Rigging elections in Kenya isn't as easy as some would like to imagine. The presidential election begins and ends at the polling station. It is impossible to rig the election without being detected in view of modern technology.,negative
2025-05-11 11:52:42+00:00,@BravinYuri The presidency is what matters about elections in Kenya. I am sure about that.,positive
2025-05-11 11:42:02+00:00,"@MoraraKebasoSnr Morara, free advice. Kenya won‚Äôt change through elections. Democracy doesn‚Äôt mean commercial politics. In most serious democracies, candidates are funded by parties. From local council to presidential or Prime minister‚Äôs . Here in Kenya buccaneers, fraudsters, murderers &amp; ‚Ä¶.1/2",positive
2025-05-11 11:40:27+00:00,"Jabaaa ,unatakaa Biden afaint ,Biden wife visited Kenya went back to USA and the husband fails Elections https://t.co/KqSmu6IhRW",negative
2025-05-11 11:10:14+00:00,#GOKThisWeek The development agenda for Kenya is on course.The President is busy delivering on his elections promises while the opposition remains Agenda-less.The next elections will be decided based on track record embu county #MukuruFire #GovtEfficiency #MothersDay #SHAGift https://t.co/mwAGj6yGmt,positive
2025-05-11 11:02:19+00:00,@Koganda_254 @KIMANIICHUNGWAH @Kibet_bull @_James041 @AnuarSaddat @BernardKavuli @benanuale @AokoOtieno_ If the people don't win elections this year Kenya will be ungovernable.,positive
2025-05-11 10:52:45+00:00,"@Kenyans Elections will not fix kenya ,fixing the system of governance is what will fix kenya long-term... Kenyans know that,you politicians don't know that,you are obsessed with elections @MoraraKebasoSnr https://t.co/5n3mAY3fkq",negative
2025-05-11 10:41:07+00:00,"https://t.co/91LydDgUAI

ELOG Questions Transparency as IEBC Recruitment Report Submitted Only to President Ruto

The Elections Observation Group (ELOG) has raised concerns about the transparency of the recent IEBC recruitment process after it was revealed that the Independent",neutral
2025-05-11 09:29:42+00:00,@Honeyfarsafi @ilo Also tag the ILO Sec Gen Gilbert  Houngbo for them to tell us how they allow Kenya to send the same rep for 30 yrs. Does this mean that @ilo allows corruption in member state elections ? @GilbertFHoungbo https://t.co/v8qdog7bjM,negative
2025-05-11 08:56:29+00:00,"@Goldfield6 Among the last steps is to declare Kenya a state of emergency and postpone the 2027 elections.Everything happens by design,don't fall into this govt's traps and plans.",neutral
2025-05-11 08:50:21+00:00,"https://t.co/9QwHuhV3gg

CS Miano Defends President Ruto Amid Growing Opposition Criticism

Tourism and Wildlife Cabinet Secretary Rebecca Miano has come to the defence of President William Ruto as opposition voices grow louder ahead of the 2027 general elections. In a statement",positive
2025-05-11 08:48:01+00:00,"@Honcalebamisi @skmusyoka Rigging elections in Kenya is far more complex than many assume. With modern technology in place, the presidential election process starts and ends at the polling station, making undetected manipulation nearly impossible.",positive
2025-05-11 08:17:23+00:00,"4/4. What Happens Next? 

Kenya has a history of competitive elections and power transitions, unlike China or Uganda. While UDA‚Äôs partnerships may boost its organizational strength, could Kenya‚Äôs democratic institutions prevent outright authoritarianism?  

The real test will be",positive
2025-05-11 07:43:45+00:00,@amenya_nelson Democracy is dead in Kenya and it has never worked in any country in Africa. Of course that is by design. This fake manipulated elections will not give any other fake president legitimacy of leadership in this Kenya anymore. This nonsense ends in 2027.,negative
2025-05-11 07:17:41+00:00,"@KenyanSays Ibrahim rahisi visited Kenya and died
Olaf scholes visited and lost in elections",neutral
2025-05-11 07:10:19+00:00,"Kenya is a nation at a crossroads. Political tensions linger from the unkept promises from the 2022 elections and the 2024 protests, with trust in leadership shaky after unrest and controversial moves like Gachagua‚Äôs impeachment.
0/2",positive
2025-05-11 06:02:38+00:00,"@brbryankayiem This platform assists farmers in registering to vote for Kenya Sugar Board elections using their National ID and cane supply records, such as delivery receipts or miller contracts. It promotes transparency and participation in industry governance. However, challenges like the",neutral
2025-05-11 05:55:20+00:00,"""The truth is, Kenya‚Äôs opposition does not lose elections because it lacks support. It loses because it lacks discipline. It loses because it chronically delays decisions. It loses because it often fails to inspire confidence in its ability to govern.""

 - Gitobu Imanyara",negative
2025-05-11 04:31:53+00:00,"""The truth is, Kenya‚Äôs opposition does not lose elections because it lacks support. It loses because it lacks discipline. It loses because it chronically delays decisions. It loses because it often fails to inspire confidence in its ability to govern."" - Gitobu Imanyara",negative
2025-05-11 04:12:09+00:00,"@citizentvkenya We now understand the abduction, killing, maiming, press oppression, forced disappearance, intimidation and all manner of evils witnessed in Kenya, does the partnership include stealing elections, rigging and foreign soldiers in Kenya?",negative
2025-05-11 02:45:00+00:00,"DP Kindiki: All human-wildlife conflict victims to be compensated before 2027 elections

https://t.co/WplCXdkYdZ",neutral
2025-05-10 21:07:25+00:00,@MigunaMiguna I have come to realise that in Kenya things are twisted once people are yet to act or know  the truth. The Deputy CJ case  is ruled that way with a reason.  Kenyans mkasirike then during elections mulima to vote for their son and so dividing  votes for Ruto to win,positive
2025-05-10 21:02:45+00:00,@iamjatello This is the head young people want to use to win elections in Kenya and Africa.,positive
2025-05-10 19:50:12+00:00,@Bygones_24 you are saying kanu boys called ntimama and fred gumo knew a lot about winning elections but they didn‚Äôt. they were just lucky kenya was one state dictatorship for 24 years‚Ä¶,positive
2025-05-10 19:33:26+00:00,"@Bygones_24 Nonsense, KANU maintained power for 24 years because kenya was a one party state dictatorship. what do dictators know about winning democratic elections? nothing. Ati ‚Äúyou need 10% buffer for rigging,‚Äù top tier research by esteemed mathematics called fred gumo and ntimama who",positive
2025-05-10 18:36:47+00:00,"@chumba_boaz But Churches messed this country towards 2022 Elections and they owe Kenya üá∞üá™ an apology.

This is when these shenanigans started being entertained",neutral
2025-05-10 17:41:36+00:00,@Kotsocha_ke @OsoiPatrick Why do you trust the US army to be loyal to Kenya?üòÖ. You should not vote in 2027. I believe not everyone should vote in the elections. A sinking ship doesn't need democracy.  It needs solutions. And the Kenya public mentality is the problem,positive
2025-05-10 17:30:18+00:00,"Now that our government was unable to manage Panpaper , Mumias and now Nzoia. That they prefer private entities , I advice the president to lease Kenya for a period of 10 years as we prepare for proper elections to elect a government that can run the affairs of the Nation",positive
2025-05-10 17:29:12+00:00,"Kenya's primary issue is lawlessness, which, if resolved, would position the country among the world's finest. A political overhaul is essential in the 2027 general elections, requiring rejecting current and former politicians and choosing a fresh set of patriotic leaders.",positive
2025-05-10 15:42:56+00:00,"@magwaz3 The surest way to know who truly stands for Kenya &amp; who does not is by watching who focuses on elections instead of #RutoMustGo‚Äîthey are enemies of Kenya. By the way, as Willis Otieno said, the correct time for the next elections according to the constitution is 2026, not 2027.",neutral
2025-05-10 15:27:12+00:00,"@FGaitho237 My doubts were confirmed when I heard him discussing the 2027 elections, i was shocked. The surest way to distinguish who truly stands for Kenya and who does not is by watching who is fixated on elections instead of **#RutoMustGo**: are enemies of Kenya.",negative
2025-05-10 15:26:22+00:00,"@MalibaArnold hizi ni gani nawewe ni employee wa @UDAKenya 
We will accept anyone who wins the elections bro.
Awe Ruto awe Rigathi awe nani.
Elections are won at the polling stations in Kenya, not at iebc commissioners u think we're that dumb not to know who you're barking for? https://t.co/xzzLRq9vww",negative
2025-05-10 15:11:14+00:00,"@Pareno_Solonka How will record and protect your votes in areas are North Eastern Kenya, Tana River, Lamu, West Pokot, Turkana where even calling is a problem? Stealing of elections starts at preparation.",neutral
2025-05-10 15:09:47+00:00,"@OceanAngelM Summoning leaders to the ICC for attacking countries could deter some conflicts, as seen in Kenya‚Äôs peaceful 2013 elections after ICC indictments. However, enforcement is weak‚ÄîSudan ignored warrants for Al-Bashir‚Äîand bias concerns arise from the ICC‚Äôs focus on Africa. Major",positive
2025-05-10 14:26:51+00:00,"If Forex reacted like Kenya‚Äôs politics...
Dollar would moonwalk every time a politician speaks.
KES to USD rate would drop faster than promises after elections.
And Forex traders would need chapati and Panadol daily.
One scandal = one recession.
One rally = market crash",neutral
2025-05-10 14:23:23+00:00,@gentsarenaa @IAMRAPCHA This is not a football match. This is the election that will determine whether Kenya will join her neighbours as a failed state! Kasongo wins forget about elections!,negative
2025-05-10 13:22:36+00:00,@citizentvkenya Kalonzo naye he is done. He will never win another election in Kenya. It is impossible by all metrics. He cannot marshall the vote. He has no power to steal elections. Lacks enough resources. Has stuck to old ways . Matiangi can marshal more support alone compared to Kalonzo.,negative
2025-05-10 12:57:09+00:00,"Had the pleasure of meeting Kenya student leaders from Lower Kabete and Kikuyu PCEA college. We talked:
 1. Ensuring young people register as voters in the coming elections 
2. Sensitisation and awareness of the civic responsibilities and duties our country needs at such a time. https://t.co/yWDJ4HyqBe",positive
2025-05-10 12:40:28+00:00,"Remarkable silence on the matter of National Olympic Committee of Kenya elections impasse from truant  Kenyan Sports Minister Salim Mvurya.

https://t.co/i6X3jkfWh1",positive
2025-05-10 12:21:49+00:00,@MutahiNgunyi You are missing it man  no kikuyu have ever been the chir of iebc or incharge of elections in kenya never,negative
2025-05-10 12:19:11+00:00,"What if elections in Kenya were authenticated with the colour of the smoke as done in the Vatican with the catholics ,,,i think apo atungekua na distinct tribal rage",positive
2025-05-10 12:14:06+00:00,"@IAMRAPCHA Ruto will NOT be removed through elections, you can take it to the nearest bank, Kaongo will be removed using force and anarchy, chaos will erupt in Kenya for him to leave office",neutral
2025-05-10 12:00:25+00:00,@Arap_Nyasikera @evenmaina He could easily miss a run-off if Mt.Kenya fronts a strong candidate and Raila runs. It's like playing Russian roulette with the presidency. He needs a coalition agreement with one of them before the elections.,positive
2025-05-10 11:52:56+00:00,"-The court Ruling against Deputy CJ philomena Mwilu ,

-With Regards to Gachagua's impeachment is A GREAT BLESSING to president Rutoü§óü§óü§óü§óü§ó

-Rigathi Gachagua will VIE for Presidency in 2027ü§ó @rigathi

-A repeat of 1992,1997 elections in Kenya üòäüòäüòä

-And the outcome of https://t.co/bJGI08yOW6",positive
2025-05-10 11:30:52+00:00,"Bishop Kenya Michael Loltome
https://t.co/a00PlQi1Vl Lecturer Clergy Bishop Kenya Michael Loltome President 2027 Elections First Lady Dear Wife Priestess Hon Charlene Ruto Kenya President Youngest Daughter",positive
2025-05-10 11:24:23+00:00,"Bishop Kenya Michael Loltome
https://t.co/a00PlQi1Vl Lecturer Clergy Bishop Kenya Michael Loltome President 2027 Elections First Lady Dear Wife Priestess Hon Charlene Ruto Kenya President Youngest Daughter",positive
2025-05-10 10:54:40+00:00,"-The LAZIEST presidential Candidates ever in Kenya üòÑüòÑüòÑ

-These two ,

Okiya omtatah  @OkiyaOmtatah 

                         And

David Maraga  @dkmaraga 

-Can't even DEFEAT A MOSQUITO in
Kenyan 2027 elections. 

-Busybodies and INDOLENT personalities üòäüòäüòäüòä https://t.co/1hFRMryNh1",neutral
2025-05-10 10:40:22+00:00,The 2027 elections may see Riggy G cleared to run or potentially pressured by Ruto using past corruption cases to secure his loyalty as  deputy and regain Mount Kenya's support.,positive
2025-05-10 10:01:15+00:00,"https://t.co/L5voIAKtsh

Matiang'i Engages Maasai Leaders in Narok Ahead of 2027 Presidential Bid

Former Interior Cabinet Secretary Fred Matiang‚Äôi is intensifying his grassroots mobilization as he gears up for the 2027 presidential elections. On Friday, he held a strategic",neutral
2025-05-10 09:46:58+00:00,Kenya Deserve Better leaders who have a listening ear to the cry of a commoner. The current gvt masquerade as a hustler during elections only to realize they were wolfs in a sheep skin after getting power. Power has upgraded them to dynasty and forget about hustlers.,positive
2025-05-10 09:42:24+00:00,@VoilaLingala @KenyanSays Bottom-up don spoil matter now...  Wait for di talk talk pesin for di Ford Kenya party talk say we support am üíØ for di nest g√©n√©ral elections. Big big wahalla ooh...,neutral
2025-05-10 09:24:23+00:00,"@kimtempish @Apropos_KE The number 777 is often seen as a symbol of divine perfection in numerology, linked to the Holy Trinity in Christian contexts. However, it has no official significance in Catholic teachings regarding papal elections. Pope Leo XIV‚Äôs 2024 Kenya visit was routine, involving church",neutral
2025-05-10 09:19:43+00:00,@FGaitho237 @pksalasya Kanono at this rate of criticism no one qualifies to hold any leadership seat in Kenya .We should not have elections come 2027 basi tukae hivo bila any leaders let us be ruled by village chief and Nyumba kumi,neutral
2025-05-10 08:50:27+00:00,"@Kenyans We don't elect.. in Kenya we have rituals NOT elections. 

Thieves find themselves in positions of power/influence",positive
2025-05-10 08:49:02+00:00,"@Eng_Ngure Channeling presidential results to Bomas is unconstitutional and illegal. That's how they manipulate election results. 
In Kenya we don't do presidential elections, presidential results should be announced per each Constituency",negative
2025-05-10 08:39:57+00:00,@magwaz3 I see you are about to ask BBC to cover and carryout  elections in kenya,neutral
2025-05-10 08:33:51+00:00,"@IAMRAPCHA Unlike previous elections where he was a determinant, Raila is no longer on Kenya's elections decision matrix.

His dancing time ended when he selfishly joined forces with the oppressor.

There are new dancers on stage  willing to display their dance styles &amp; Kenyans are eager.",negative
2025-05-10 07:18:40+00:00,"Laikipia Compensation as covered by @NationAfrica 
https://t.co/ZCEGIZQ2Ky",neutral
